[
  {
    "value": "The Alchemist",
    "synonyms": [
      "The Alchemist"
    ]
  },
  {
    "value": "Harry Potter",
    "synonyms": [
      "Harry Potter"
    ]
  },
  {
    "value": "The Alchemist",
    "synonyms": [
      "The Alchemist"
    ]
  },
  {
    "value": "Sapiens",
    "synonyms": [
      "Sapiens"
    ]
  },
  {
    "value": "Dune",
    "synonyms": [
      "Dune"
    ]
  },
  {
    "value": "The Silent Patient",
    "synonyms": [
      "The Silent Patient"
    ]
  },
  {
    "value": "It Ends with Us",
    "synonyms": [
      "It Ends with Us"
    ]
  },
  {
    "value": "Where the Crawdads Sing",
    "synonyms": [
      "Where the Crawdads Sing"
    ]
  },
  {
    "value": "Educated",
    "synonyms": [
      "Educated"
    ]
  },
  {
    "value": "The Hobbit",
    "synonyms": [
      "The Hobbit"
    ]
  },
  {
    "value": "Gone Girl",
    "synonyms": [
      "Gone Girl"
    ]
  },
  {
    "value": "The Notebook",
    "synonyms": [
      "The Notebook"
    ]
  },
  {
    "value": "To Kill a Mockingbird",
    "synonyms": [
      "To Kill a Mockingbird"
    ]
  },
  {
    "value": "Atomic Habits",
    "synonyms": [
      "Atomic Habits"
    ]
  },
  {
    "value": "Project Hail Mary",
    "synonyms": [
      "Project Hail Mary"
    ]
  },
  {
    "value": "The Girl with the Dragon Tattoo",
    "synonyms": [
      "The Girl with the Dragon Tattoo"
    ]
  },
  {
    "value": "Pride and Prejudice",
    "synonyms": [
      "Pride and Prejudice"
    ]
  },
  {
    "value": "The Midnight Library",
    "synonyms": [
      "The Midnight Library"
    ]
  }
]