[
  {
    "id": "850bffea-e210-445d-8926-b43ec19801fd",
    "data": [
      {
        "text": "Hi, can I know what you do here?",
        "userDefined": false
      }
    ],
    "isTemplate": false,
    "count": 0,
    "lang": "en",
    "updated": 0
  },
  {
    "id": "2013501f-d3a3-4707-93ff-b0487372cc0a",
    "data": [
      {
        "text": "Hey, what\u0027s this bookstore about?",
        "userDefined": false
      }
    ],
    "isTemplate": false,
    "count": 0,
    "lang": "en",
    "updated": 0
  },
  {
    "id": "3106167b-7ae5-4f54-bd05-64a7a4c2a47c",
    "data": [
      {
        "text": "Give me an overview of City Mall Bookstore",
        "userDefined": false
      }
    ],
    "isTemplate": false,
    "count": 0,
    "lang": "en",
    "updated": 0
  },
  {
    "id": "20fb42a9-8082-44ab-8339-cdaaae9d3ea6",
    "data": [
      {
        "text": "I want to know more about the bookstore",
        "userDefined": false
      }
    ],
    "isTemplate": false,
    "count": 0,
    "lang": "en",
    "updated": 0
  },
  {
    "id": "a1761c16-3786-4952-803f-a9fd46416e03",
    "data": [
      {
        "text": "Can you give me details about your bookstore?",
        "userDefined": false
      }
    ],
    "isTemplate": false,
    "count": 0,
    "lang": "en",
    "updated": 0
  },
  {
    "id": "8d5f4c79-db52-4b5b-a3ae-904ddc3cf063",
    "data": [
      {
        "text": "Tell me about your store",
        "userDefined": false
      }
    ],
    "isTemplate": false,
    "count": 0,
    "lang": "en",
    "updated": 0
  },
  {
    "id": "f90497d4-dcb0-4e2a-b371-3c1520ad032a",
    "data": [
      {
        "text": "About City Mall Bookstore",
        "userDefined": false
      }
    ],
    "isTemplate": false,
    "count": 0,
    "lang": "en",
    "updated": 0
  }
]