[
  {
    "id": "e8452703-39d9-41a3-a851-54e6947ebccf",
    "data": [
      {
        "text": "How can you help me?",
        "userDefined": false
      }
    ],
    "isTemplate": false,
    "count": 0,
    "lang": "en",
    "updated": 0
  },
  {
    "id": "1d27fca9-1526-4b2f-9a11-84ac4fc38cbe",
    "data": [
      {
        "text": "What can I ask you?",
        "userDefined": false
      }
    ],
    "isTemplate": false,
    "count": 0,
    "lang": "en",
    "updated": 0
  },
  {
    "id": "b0d6daad-69e8-486d-a4d5-2848347a6e96",
    "data": [
      {
        "text": "I\u0027m not sure about something",
        "userDefined": false
      }
    ],
    "isTemplate": false,
    "count": 0,
    "lang": "en",
    "updated": 0
  },
  {
    "id": "e693202d-f9f0-48ea-a8a9-8469d284e5a5",
    "data": [
      {
        "text": "Can you assist me?",
        "userDefined": false
      }
    ],
    "isTemplate": false,
    "count": 0,
    "lang": "en",
    "updated": 0
  },
  {
    "id": "0eb72064-8bc2-4685-b667-d536ef57702e",
    "data": [
      {
        "text": "I need help",
        "userDefined": false
      }
    ],
    "isTemplate": false,
    "count": 0,
    "lang": "en",
    "updated": 0
  },
  {
    "id": "36cf0890-80ea-4d92-9aff-bc1ee991ea43",
    "data": [
      {
        "text": "I want to know something",
        "userDefined": false
      }
    ],
    "isTemplate": false,
    "count": 0,
    "lang": "en",
    "updated": 0
  },
  {
    "id": "fbc3300b-4793-45bf-9af0-8f1ad3e2cb90",
    "data": [
      {
        "text": "Can I ask you something about the bookstore?",
        "userDefined": false
      }
    ],
    "isTemplate": false,
    "count": 0,
    "lang": "en",
    "updated": 0
  },
  {
    "id": "1fd1ca72-7946-4d54-bbb2-6f56654fbdc5",
    "data": [
      {
        "text": "Let me ask a question",
        "userDefined": false
      }
    ],
    "isTemplate": false,
    "count": 0,
    "lang": "en",
    "updated": 0
  },
  {
    "id": "cd1f93c4-294c-41bd-8d78-386e3545f9da",
    "data": [
      {
        "text": "Can you help me with something?",
        "userDefined": false
      }
    ],
    "isTemplate": false,
    "count": 0,
    "lang": "en",
    "updated": 0
  },
  {
    "id": "6832344a-3457-44fb-9885-ac7a88aa27a4",
    "data": [
      {
        "text": "I need some information",
        "userDefined": false
      }
    ],
    "isTemplate": false,
    "count": 0,
    "lang": "en",
    "updated": 0
  },
  {
    "id": "511d99e9-62a7-4ee4-8e57-7ba4e63dd51d",
    "data": [
      {
        "text": "I have a question",
        "userDefined": false
      }
    ],
    "isTemplate": false,
    "count": 0,
    "lang": "en",
    "updated": 0
  },
  {
    "id": "7f9fc451-ea83-400a-b6d5-0cc95523581a",
    "data": [
      {
        "text": "Can I ask something?",
        "userDefined": false
      }
    ],
    "isTemplate": false,
    "count": 0,
    "lang": "en",
    "updated": 0
  },
  {
    "id": "c29e1815-8160-44b1-983e-c4704058db42",
    "data": [
      {
        "text": "I want to ask a question",
        "userDefined": false
      }
    ],
    "isTemplate": false,
    "count": 0,
    "lang": "en",
    "updated": 0
  },
  {
    "id": "c0fa75a3-6b1f-4359-980f-405aa374fdd9",
    "data": [
      {
        "text": "Ask Another Question",
        "userDefined": false
      }
    ],
    "isTemplate": false,
    "count": 0,
    "lang": "en",
    "updated": 0
  }
]