[
  {
    "id": "35881f92-e073-4ae2-ba23-2c3575fa6a73",
    "data": [
      {
        "text": "How to Train Your Pet Rock",
        "meta": "@not_book_title",
        "alias": "not_book_title",
        "userDefined": true
      },
      {
        "text": " stock?",
        "userDefined": false
      }
    ],
    "isTemplate": false,
    "count": 0,
    "lang": "en",
    "updated": 0
  },
  {
    "id": "3b3961d9-f31e-4260-850d-63779cc4349b",
    "data": [
      {
        "text": "The Little Dragon Who Couldn\u0027t Breathe Fire",
        "meta": "@not_book_title",
        "alias": "not_book_title",
        "userDefined": true
      },
      {
        "text": " available?",
        "userDefined": false
      }
    ],
    "isTemplate": false,
    "count": 0,
    "lang": "en",
    "updated": 0
  },
  {
    "id": "b5fe2ab8-d80b-4d45-beac-f537dcabe2c6",
    "data": [
      {
        "text": "Murder at Midnight Manor",
        "meta": "@not_book_title",
        "alias": "not_book_title",
        "userDefined": true
      },
      {
        "text": " check?",
        "userDefined": false
      }
    ],
    "isTemplate": false,
    "count": 0,
    "lang": "en",
    "updated": 0
  },
  {
    "id": "0ae80bf4-90be-4173-9498-39ab4e180109",
    "data": [
      {
        "text": "Have Forever in Paris",
        "meta": "@not_book_title",
        "alias": "not_book_title",
        "userDefined": true
      },
      {
        "text": " in stock?",
        "userDefined": false
      }
    ],
    "isTemplate": false,
    "count": 0,
    "lang": "en",
    "updated": 0
  },
  {
    "id": "9a0f457c-4ba8-4740-bcf3-d2f489a83b44",
    "data": [
      {
        "text": "Quantum Paradox",
        "meta": "@not_book_title",
        "alias": "not_book_title",
        "userDefined": true
      },
      {
        "text": " availability?",
        "userDefined": false
      }
    ],
    "isTemplate": false,
    "count": 0,
    "lang": "en",
    "updated": 0
  },
  {
    "id": "814fa156-4b10-4a8e-bf83-19c3b8968a20",
    "data": [
      {
        "text": "Do you stock ",
        "userDefined": false
      },
      {
        "text": "Realm of the Shadow King",
        "meta": "@not_book_title",
        "alias": "not_book_title",
        "userDefined": true
      },
      {
        "text": "?",
        "userDefined": false
      }
    ],
    "isTemplate": false,
    "count": 0,
    "lang": "en",
    "updated": 0
  },
  {
    "id": "0a16b119-9ca5-49b2-a3e3-f8dfb54b8470",
    "data": [
      {
        "text": "Check ",
        "userDefined": false
      },
      {
        "text": "Whispers in the Dark Forest",
        "meta": "@not_book_title",
        "alias": "not_book_title",
        "userDefined": true
      },
      {
        "text": "?",
        "userDefined": false
      }
    ],
    "isTemplate": false,
    "count": 0,
    "lang": "en",
    "updated": 0
  },
  {
    "id": "7e075006-47b4-4b0b-9d48-a7ba9d4bfc13",
    "data": [
      {
        "text": "Is ",
        "userDefined": false
      },
      {
        "text": "Shadow of the Moon Dragon",
        "meta": "@not_book_title",
        "alias": "not_book_title",
        "userDefined": true
      },
      {
        "text": " available?",
        "userDefined": false
      }
    ],
    "isTemplate": false,
    "count": 0,
    "lang": "en",
    "updated": 0
  },
  {
    "id": "237d4e19-aed4-4657-b6d6-aebce4e82747",
    "data": [
      {
        "text": "Do you have ",
        "userDefined": false
      },
      {
        "text": "The Crystal Chronicles",
        "meta": "@not_book_title",
        "alias": "not_book_title",
        "userDefined": true
      },
      {
        "text": "?",
        "userDefined": false
      }
    ],
    "isTemplate": false,
    "count": 0,
    "lang": "en",
    "updated": 0
  },
  {
    "id": "eb29ecd4-f911-4272-99f1-548510462fba",
    "data": [
      {
        "text": "Do you have ",
        "userDefined": false
      },
      {
        "text": "Dreams of Silver City",
        "meta": "@not_book_title",
        "alias": "not_book_title",
        "userDefined": true
      },
      {
        "text": "?",
        "userDefined": false
      }
    ],
    "isTemplate": false,
    "count": 0,
    "lang": "en",
    "updated": 0
  }
]