[
  {
    "id": "29c17a58-4663-44e7-a3f2-8032e607c89f",
    "data": [
      {
        "text": "Recommend a popular book",
        "userDefined": false
      }
    ],
    "isTemplate": false,
    "count": 0,
    "lang": "en",
    "updated": 0
  },
  {
    "id": "38ec118a-23de-4e35-a137-34c6b2dc94da",
    "data": [
      {
        "text": "Suggest me something to read",
        "userDefined": false
      }
    ],
    "isTemplate": false,
    "count": 0,
    "lang": "en",
    "updated": 0
  },
  {
    "id": "83725394-dc7a-4735-bf26-8dcceb1a1639",
    "data": [
      {
        "text": "Any good books to recommend",
        "userDefined": false
      }
    ],
    "isTemplate": false,
    "count": 0,
    "lang": "en",
    "updated": 0
  },
  {
    "id": "c6fbb940-f92e-4122-a3f5-ca8b32fff28e",
    "data": [
      {
        "text": "I want a book suggestion",
        "userDefined": false
      }
    ],
    "isTemplate": false,
    "count": 0,
    "lang": "en",
    "updated": 0
  },
  {
    "id": "840ca9d0-899d-421f-a25b-b37373050742",
    "data": [
      {
        "text": "Give me a book recommendation",
        "userDefined": false
      }
    ],
    "isTemplate": false,
    "count": 0,
    "lang": "en",
    "updated": 0
  },
  {
    "id": "ccc55fa4-72db-4ff4-942e-ed9ed2932749",
    "data": [
      {
        "text": "Suggest a book to read",
        "userDefined": false
      }
    ],
    "isTemplate": false,
    "count": 0,
    "lang": "en",
    "updated": 0
  },
  {
    "id": "9f8cfe99-185e-4c4a-b692-34aca7d4a7a9",
    "data": [
      {
        "text": "Can you recommend a good book?",
        "userDefined": false
      }
    ],
    "isTemplate": false,
    "count": 0,
    "lang": "en",
    "updated": 0
  },
  {
    "id": "60519aff-f50a-4420-b77e-a6e6699a44b3",
    "data": [
      {
        "text": "Have you any recommendation books?",
        "userDefined": false
      }
    ],
    "isTemplate": false,
    "count": 0,
    "lang": "en",
    "updated": 0
  },
  {
    "id": "5b7c9ada-8201-458c-a36d-bde0c0638e88",
    "data": [
      {
        "text": "Do you have any book recommendation?",
        "userDefined": false
      }
    ],
    "isTemplate": false,
    "count": 0,
    "lang": "en",
    "updated": 0
  },
  {
    "id": "e39282df-4458-4f35-a092-cff2e3148695",
    "data": [
      {
        "text": "What is your book recommendation",
        "userDefined": false
      }
    ],
    "isTemplate": false,
    "count": 0,
    "lang": "en",
    "updated": 0
  }
]