[
  {
    "id": "f3246610-5963-4dca-81ca-a8bcca056f72",
    "data": [
      {
        "text": "Show me all available genres",
        "userDefined": false
      }
    ],
    "isTemplate": false,
    "count": 0,
    "lang": "en",
    "updated": 0
  },
  {
    "id": "8b1a28d3-4a6d-40a3-a644-9c08aa218dc4",
    "data": [
      {
        "text": "I want to choose a genre",
        "userDefined": false
      }
    ],
    "isTemplate": false,
    "count": 0,
    "lang": "en",
    "updated": 0
  },
  {
    "id": "5d7fdcd4-9b67-45fa-b88d-2eb85b4516d1",
    "data": [
      {
        "text": "What genres do you offer?",
        "userDefined": false
      }
    ],
    "isTemplate": false,
    "count": 0,
    "lang": "en",
    "updated": 0
  },
  {
    "id": "2fff49b4-0be6-4f05-a572-ffee208f622b",
    "data": [
      {
        "text": "Do you have book genres I can explore?",
        "userDefined": false
      }
    ],
    "isTemplate": false,
    "count": 0,
    "lang": "en",
    "updated": 0
  },
  {
    "id": "50cdfb94-4439-4a12-b726-faf560b8c7f4",
    "data": [
      {
        "text": "Show me books by genre",
        "userDefined": false
      }
    ],
    "isTemplate": false,
    "count": 0,
    "lang": "en",
    "updated": 0
  },
  {
    "id": "6b9d78fc-94f8-4ea0-b501-2254683f8268",
    "data": [
      {
        "text": "I want to browse by genre",
        "userDefined": false
      }
    ],
    "isTemplate": false,
    "count": 0,
    "lang": "en",
    "updated": 0
  },
  {
    "id": "ce67acff-ccc5-4f54-b035-21783fe85a4a",
    "data": [
      {
        "text": "Browse by Genre",
        "userDefined": false
      }
    ],
    "isTemplate": false,
    "count": 0,
    "lang": "en",
    "updated": 0
  }
]