[
  {
    "id": "742cae53-80e0-48b2-9868-b757b80586f3",
    "data": [
      {
        "text": "What are your bestsellers?",
        "userDefined": false
      }
    ],
    "isTemplate": false,
    "count": 0,
    "lang": "en",
    "updated": 0
  },
  {
    "id": "3690145b-b17a-4bd0-8e9d-baaccbfaaede",
    "data": [
      {
        "text": "Do you have any bestsellers?",
        "userDefined": false
      }
    ],
    "isTemplate": false,
    "count": 0,
    "lang": "en",
    "updated": 0
  },
  {
    "id": "8ca4409e-aa4b-49e6-a852-db201b59d3d0",
    "data": [
      {
        "text": "Check Bestsellers",
        "userDefined": false
      }
    ],
    "isTemplate": false,
    "count": 0,
    "lang": "en",
    "updated": 0
  }
]