[
  {
    "id": "3f75ed04-f20e-4040-a958-67767e2ef594",
    "data": [
      {
        "text": "What do you have for reading?",
        "userDefined": false
      }
    ],
    "isTemplate": false,
    "count": 0,
    "lang": "en",
    "updated": 0
  },
  {
    "id": "3740bacb-3e60-46da-bf54-a4e3b88d6499",
    "data": [
      {
        "text": "I want to see what I can read",
        "userDefined": false
      }
    ],
    "isTemplate": false,
    "count": 0,
    "lang": "en",
    "updated": 0
  },
  {
    "id": "6a568393-60b1-44e9-a544-dbd80728b279",
    "data": [
      {
        "text": "Help me find a book",
        "userDefined": false
      }
    ],
    "isTemplate": false,
    "count": 0,
    "lang": "en",
    "updated": 0
  },
  {
    "id": "d811d412-43e7-4ef8-b939-241107c388df",
    "data": [
      {
        "text": "Can I browse your books?",
        "userDefined": false
      }
    ],
    "isTemplate": false,
    "count": 0,
    "lang": "en",
    "updated": 0
  },
  {
    "id": "f9b13bdf-9e9d-4074-89ea-3427a5e61322",
    "data": [
      {
        "text": "I\u0027m looking for a book",
        "userDefined": false
      }
    ],
    "isTemplate": false,
    "count": 0,
    "lang": "en",
    "updated": 0
  },
  {
    "id": "58002f14-cfac-4a29-8480-f4e753a95afe",
    "data": [
      {
        "text": "I want to find a book",
        "userDefined": false
      }
    ],
    "isTemplate": false,
    "count": 0,
    "lang": "en",
    "updated": 0
  },
  {
    "id": "0f9b7d40-9c24-4a73-8528-7fea783117d5",
    "data": [
      {
        "text": "What books do you currently offer?",
        "userDefined": false
      }
    ],
    "isTemplate": false,
    "count": 0,
    "lang": "en",
    "updated": 0
  },
  {
    "id": "d6bd704e-1b62-4ef3-ba81-169a8174a139",
    "data": [
      {
        "text": "I want to see what books you have",
        "userDefined": false
      }
    ],
    "isTemplate": false,
    "count": 0,
    "lang": "en",
    "updated": 0
  },
  {
    "id": "47ba4bb9-66e9-4211-899c-c4cafe042caf",
    "data": [
      {
        "text": "Check Another Book",
        "userDefined": false
      }
    ],
    "isTemplate": false,
    "count": 0,
    "lang": "en",
    "updated": 0
  }
]