[
  {
    "id": "7f75d951-f246-4179-92d0-fe02441063f2",
    "data": [
      {
        "text": "Is there any book sale in future?",
        "userDefined": false
      }
    ],
    "isTemplate": false,
    "count": 0,
    "lang": "en",
    "updated": 0
  },
  {
    "id": "faa8b306-18b2-4514-bf90-a9c23ff20757",
    "data": [
      {
        "text": "When is your next book sale?",
        "userDefined": false
      }
    ],
    "isTemplate": false,
    "count": 0,
    "lang": "en",
    "updated": 0
  }
]