[
  {
    "id": "1bf433a7-b5fb-41f3-854a-4dffdeb2b305",
    "data": [
      {
        "text": "Can I borrow by calling your number?",
        "userDefined": false
      }
    ],
    "isTemplate": false,
    "count": 0,
    "lang": "en",
    "updated": 0
  },
  {
    "id": "b7a0d386-723d-4025-8c56-8dc34b5f4f7c",
    "data": [
      {
        "text": "Can I call to borrow a book?",
        "userDefined": false
      }
    ],
    "isTemplate": false,
    "count": 0,
    "lang": "en",
    "updated": 0
  },
  {
    "id": "b3b41c86-4b03-458a-91b4-7a0ef8c01720",
    "data": [
      {
        "text": "Is borrowing a book allowed?",
        "userDefined": false
      }
    ],
    "isTemplate": false,
    "count": 0,
    "lang": "en",
    "updated": 0
  },
  {
    "id": "373b7b08-ec90-451c-9345-fc1e90db740e",
    "data": [
      {
        "text": "I want to borrow a book from you",
        "userDefined": false
      }
    ],
    "isTemplate": false,
    "count": 0,
    "lang": "en",
    "updated": 0
  },
  {
    "id": "39086fb1-5970-44ac-ac11-c7ba998d91d9",
    "data": [
      {
        "text": "Is there a way to reserve books?",
        "userDefined": false
      }
    ],
    "isTemplate": false,
    "count": 0,
    "lang": "en",
    "updated": 0
  },
  {
    "id": "9ed042a4-08c2-4ccd-9bb4-5eb7c6dc4aba",
    "data": [
      {
        "text": "Do you allow book reservations?",
        "userDefined": false
      }
    ],
    "isTemplate": false,
    "count": 0,
    "lang": "en",
    "updated": 0
  },
  {
    "id": "1338ffb3-fc9e-4d21-9225-9fd2da1b5f36",
    "data": [
      {
        "text": "I want to borrow something from the store",
        "userDefined": false
      }
    ],
    "isTemplate": false,
    "count": 0,
    "lang": "en",
    "updated": 0
  },
  {
    "id": "1cecc1ae-fbd3-4a9b-9094-48c1bf247960",
    "data": [
      {
        "text": "Can I reserve a book before visiting?",
        "userDefined": false
      }
    ],
    "isTemplate": false,
    "count": 0,
    "lang": "en",
    "updated": 0
  },
  {
    "id": "6be1df78-5dd8-433c-b7fa-242d1f96ea9c",
    "data": [
      {
        "text": "Is it possible to reserve a book?",
        "userDefined": false
      }
    ],
    "isTemplate": false,
    "count": 0,
    "lang": "en",
    "updated": 0
  },
  {
    "id": "eb8a0f4d-9490-455a-9653-d790b082a75a",
    "data": [
      {
        "text": "How do I borrow a book?",
        "userDefined": false
      }
    ],
    "isTemplate": false,
    "count": 0,
    "lang": "en",
    "updated": 0
  },
  {
    "id": "14363e6f-4d61-4792-b593-36c0dae10811",
    "data": [
      {
        "text": "Can I borrow a book?",
        "userDefined": false
      }
    ],
    "isTemplate": false,
    "count": 0,
    "lang": "en",
    "updated": 0
  },
  {
    "id": "fef72796-8a86-4d91-b8aa-7aab26576dac",
    "data": [
      {
        "text": "Can I reserve a book?",
        "userDefined": false
      }
    ],
    "isTemplate": false,
    "count": 0,
    "lang": "en",
    "updated": 0
  }
]