[
  {
    "id": "ec18f506-6063-4963-9e4d-9eff466fdd6f",
    "data": [
      {
        "text": "Suggest a sci-fi book to read",
        "userDefined": false
      }
    ],
    "isTemplate": false,
    "count": 0,
    "lang": "en",
    "updated": 0
  },
  {
    "id": "6c43623f-4640-44f5-803f-9b85c54b1976",
    "data": [
      {
        "text": "I want to read a fantasy or sci-fi story",
        "userDefined": false
      }
    ],
    "isTemplate": false,
    "count": 0,
    "lang": "en",
    "updated": 0
  },
  {
    "id": "c8c191cf-4313-4641-adf2-b982d57361cb",
    "data": [
      {
        "text": "Do you sell fantasy and sci-fi stories?",
        "userDefined": false
      }
    ],
    "isTemplate": false,
    "count": 0,
    "lang": "en",
    "updated": 0
  },
  {
    "id": "f9df6fdd-43a3-4321-b618-7bef865671a9",
    "data": [
      {
        "text": "What science fiction books do you have?",
        "userDefined": false
      }
    ],
    "isTemplate": false,
    "count": 0,
    "lang": "en",
    "updated": 0
  },
  {
    "id": "3a031b51-1b1d-4498-b09b-709cee9d2787",
    "data": [
      {
        "text": "Let me see your sci-fi section",
        "userDefined": false
      }
    ],
    "isTemplate": false,
    "count": 0,
    "lang": "en",
    "updated": 0
  },
  {
    "id": "ffe2bec6-bd30-4e75-b999-e5663b5ceaad",
    "data": [
      {
        "text": "Show me science fiction books",
        "userDefined": false
      }
    ],
    "isTemplate": false,
    "count": 0,
    "lang": "en",
    "updated": 0
  },
  {
    "id": "2edce94b-0f97-44a7-b331-fb7bda30f708",
    "data": [
      {
        "text": "I want to browse sci-fi and fantasy books",
        "userDefined": false
      }
    ],
    "isTemplate": false,
    "count": 0,
    "lang": "en",
    "updated": 0
  },
  {
    "id": "6de3bccd-ac82-4708-8b71-304dd130f8fa",
    "data": [
      {
        "text": "Sci-Fi \u0026 Fantasy",
        "userDefined": false
      }
    ],
    "isTemplate": false,
    "count": 0,
    "lang": "en",
    "updated": 0
  }
]