[
  {
    "id": "ced340e4-0d1a-4dd7-931f-aaafe77e3c2f",
    "data": [
      {
        "text": "I\u0027m looking for something suspenseful",
        "userDefined": false
      }
    ],
    "isTemplate": false,
    "count": 0,
    "lang": "en",
    "updated": 0
  },
  {
    "id": "fde101d2-049b-429a-b5c4-8be6824228ad",
    "data": [
      {
        "text": "Give me some exciting thrillers",
        "userDefined": false
      }
    ],
    "isTemplate": false,
    "count": 0,
    "lang": "en",
    "updated": 0
  },
  {
    "id": "7803e740-2dfb-4717-8077-73c196dea161",
    "data": [
      {
        "text": "Show me something intense or mysterious",
        "userDefined": false
      }
    ],
    "isTemplate": false,
    "count": 0,
    "lang": "en",
    "updated": 0
  },
  {
    "id": "fc93d274-24be-4f9c-a49e-0cd3d7887f18",
    "data": [
      {
        "text": "Got any murder mystery books?",
        "userDefined": false
      }
    ],
    "isTemplate": false,
    "count": 0,
    "lang": "en",
    "updated": 0
  },
  {
    "id": "615e7a08-ffb9-4555-a523-7d6975ba90f4",
    "data": [
      {
        "text": "I want to read a thrilling story",
        "userDefined": false
      }
    ],
    "isTemplate": false,
    "count": 0,
    "lang": "en",
    "updated": 0
  },
  {
    "id": "3b0ff846-59ef-4cc3-95c8-e6d517fa7c3e",
    "data": [
      {
        "text": "What mystery books do you sell?",
        "userDefined": false
      }
    ],
    "isTemplate": false,
    "count": 0,
    "lang": "en",
    "updated": 0
  },
  {
    "id": "50531901-b370-4bfd-ac52-a82825bcee46",
    "data": [
      {
        "text": "I\u0027m looking for mystery and thriller books",
        "userDefined": false
      }
    ],
    "isTemplate": false,
    "count": 0,
    "lang": "en",
    "updated": 0
  },
  {
    "id": "cc07b1e6-b5b5-47cb-8706-01a379202ea7",
    "data": [
      {
        "text": "Can I see your mystery section?",
        "userDefined": false
      }
    ],
    "isTemplate": false,
    "count": 0,
    "lang": "en",
    "updated": 0
  },
  {
    "id": "254c7930-26ec-4859-a307-f4233cff764a",
    "data": [
      {
        "text": "I want to browse mystery books",
        "userDefined": false
      }
    ],
    "isTemplate": false,
    "count": 0,
    "lang": "en",
    "updated": 0
  },
  {
    "id": "1f8ace1e-51f1-4886-b2e5-d43b0c43cdba",
    "data": [
      {
        "text": "Mystery/Thriller",
        "userDefined": false
      }
    ],
    "isTemplate": false,
    "count": 0,
    "lang": "en",
    "updated": 0
  }
]