[
  {
    "id": "e93cc782-2080-4f33-9f71-1fe5a0fb3b57",
    "data": [
      {
        "text": "Can I see your romantic collection?",
        "userDefined": false
      }
    ],
    "isTemplate": false,
    "count": 0,
    "lang": "en",
    "updated": 0
  },
  {
    "id": "4a6684c8-c1fd-4072-984a-f3a2f897f330",
    "data": [
      {
        "text": "Give me a romantic book to read",
        "userDefined": false
      }
    ],
    "isTemplate": false,
    "count": 0,
    "lang": "en",
    "updated": 0
  },
  {
    "id": "c8fd43fa-3cfd-42d7-83bf-3148993a5857",
    "data": [
      {
        "text": "I\u0027m looking for romantic stories",
        "userDefined": false
      }
    ],
    "isTemplate": false,
    "count": 0,
    "lang": "en",
    "updated": 0
  },
  {
    "id": "0d216e27-c61d-4e81-891e-bac228dc4764",
    "data": [
      {
        "text": "Let me see your romance section",
        "userDefined": false
      }
    ],
    "isTemplate": false,
    "count": 0,
    "lang": "en",
    "updated": 0
  },
  {
    "id": "88ba553f-6f39-4d29-b89a-6980667a95eb",
    "data": [
      {
        "text": "What romance books do you have?",
        "userDefined": false
      }
    ],
    "isTemplate": false,
    "count": 0,
    "lang": "en",
    "updated": 0
  },
  {
    "id": "fa6fc4e9-b360-4d19-a212-2aadb54ba08b",
    "data": [
      {
        "text": "Do you have any romance books?",
        "userDefined": false
      }
    ],
    "isTemplate": false,
    "count": 0,
    "lang": "en",
    "updated": 0
  },
  {
    "id": "1ed23774-be75-4066-8387-6a16044f5db4",
    "data": [
      {
        "text": "Show me some romance novels",
        "userDefined": false
      }
    ],
    "isTemplate": false,
    "count": 0,
    "lang": "en",
    "updated": 0
  },
  {
    "id": "9478e605-f707-4901-87c7-978eb0a19846",
    "data": [
      {
        "text": "I want to browse romance books",
        "userDefined": false
      }
    ],
    "isTemplate": false,
    "count": 0,
    "lang": "en",
    "updated": 0
  },
  {
    "id": "01438bb1-6eb1-4440-bc8e-4b53e6ae266f",
    "data": [
      {
        "text": "Romance",
        "userDefined": false
      }
    ],
    "isTemplate": false,
    "count": 0,
    "lang": "en",
    "updated": 0
  }
]