[
  {
    "id": "dc82766e-924e-4e52-9ca8-de18bb067b9d",
    "data": [
      {
        "text": "I\u0027m not into fiction — any real stories?",
        "userDefined": false
      }
    ],
    "isTemplate": false,
    "count": 0,
    "lang": "en",
    "updated": 0
  },
  {
    "id": "37d95c9e-b687-4aa5-98de-9c55e6bd234b",
    "data": [
      {
        "text": "I prefer non-fiction books",
        "userDefined": false
      }
    ],
    "isTemplate": false,
    "count": 0,
    "lang": "en",
    "updated": 0
  },
  {
    "id": "4c23549a-8d35-4330-9586-221ef78eee94",
    "data": [
      {
        "text": "Can I check out your non-fiction collection?",
        "userDefined": false
      }
    ],
    "isTemplate": false,
    "count": 0,
    "lang": "en",
    "updated": 0
  },
  {
    "id": "524649f2-5c00-4405-b361-a5bc0dd927e6",
    "data": [
      {
        "text": "Let me see your non-fiction section",
        "userDefined": false
      }
    ],
    "isTemplate": false,
    "count": 0,
    "lang": "en",
    "updated": 0
  },
  {
    "id": "43268f63-2e65-4e54-8eb3-0cc28e4bece2",
    "data": [
      {
        "text": "What non-fiction books do you have?",
        "userDefined": false
      }
    ],
    "isTemplate": false,
    "count": 0,
    "lang": "en",
    "updated": 0
  },
  {
    "id": "43514956-c0ab-4842-980b-fa97eab4b6b0",
    "data": [
      {
        "text": "I\u0027m looking for real-life stories",
        "userDefined": false
      }
    ],
    "isTemplate": false,
    "count": 0,
    "lang": "en",
    "updated": 0
  },
  {
    "id": "8c8e7d54-acc1-443f-822f-7c15262d8164",
    "data": [
      {
        "text": "Do you have any non-fiction books?",
        "userDefined": false
      }
    ],
    "isTemplate": false,
    "count": 0,
    "lang": "en",
    "updated": 0
  },
  {
    "id": "7f91f707-7f79-4c00-a76c-889ba73e4882",
    "data": [
      {
        "text": "Show me some non-fiction titles",
        "userDefined": false
      }
    ],
    "isTemplate": false,
    "count": 0,
    "lang": "en",
    "updated": 0
  },
  {
    "id": "913d9334-bf56-4d8a-8b7d-5c2a68549bd7",
    "data": [
      {
        "text": "I want to browse non-fiction books",
        "userDefined": false
      }
    ],
    "isTemplate": false,
    "count": 0,
    "lang": "en",
    "updated": 0
  },
  {
    "id": "934651b0-bcd2-4b80-a06c-ea2f1dfe3867",
    "data": [
      {
        "text": "Non-Fiction",
        "userDefined": false
      }
    ],
    "isTemplate": false,
    "count": 0,
    "lang": "en",
    "updated": 0
  }
]