[
  {
    "id": "788435d3-019d-41c8-9789-eb147d24f268",
    "data": [
      {
        "text": "Let me see your fiction collection",
        "userDefined": false
      }
    ],
    "isTemplate": false,
    "count": 0,
    "lang": "en",
    "updated": 0
  },
  {
    "id": "2746bfc1-75af-420c-b7f3-8578b8e719d3",
    "data": [
      {
        "text": "I like fiction books",
        "userDefined": false
      }
    ],
    "isTemplate": false,
    "count": 0,
    "lang": "en",
    "updated": 0
  },
  {
    "id": "2c9160c0-0bc0-445e-ac1c-e2398f1bd34d",
    "data": [
      {
        "text": "Do you sell fiction books?",
        "userDefined": false
      }
    ],
    "isTemplate": false,
    "count": 0,
    "lang": "en",
    "updated": 0
  },
  {
    "id": "73b9f09e-3e82-4f14-bb8c-65d0c5fefe16",
    "data": [
      {
        "text": "I\u0027m in the mood for fiction",
        "userDefined": false
      }
    ],
    "isTemplate": false,
    "count": 0,
    "lang": "en",
    "updated": 0
  },
  {
    "id": "c36c11d8-a810-4010-8f19-74aeb19762db",
    "data": [
      {
        "text": "Got any fiction?",
        "userDefined": false
      }
    ],
    "isTemplate": false,
    "count": 0,
    "lang": "en",
    "updated": 0
  },
  {
    "id": "e49160ff-9c16-4c5b-b840-391c8115f98b",
    "data": [
      {
        "text": "Give me a list of fiction books",
        "userDefined": false
      }
    ],
    "isTemplate": false,
    "count": 0,
    "lang": "en",
    "updated": 0
  },
  {
    "id": "e04b7fcb-4fd6-4238-b3ab-6c63522b7873",
    "data": [
      {
        "text": "What fiction books do you have?",
        "userDefined": false
      }
    ],
    "isTemplate": false,
    "count": 0,
    "lang": "en",
    "updated": 0
  },
  {
    "id": "de92020a-f3d9-4544-8af0-55ba535a65c5",
    "data": [
      {
        "text": "I\u0027m looking for fiction books",
        "userDefined": false
      }
    ],
    "isTemplate": false,
    "count": 0,
    "lang": "en",
    "updated": 0
  },
  {
    "id": "38615c69-e0ab-45e9-8ebf-13949963aca2",
    "data": [
      {
        "text": "Let me check your fiction books",
        "userDefined": false
      }
    ],
    "isTemplate": false,
    "count": 0,
    "lang": "en",
    "updated": 0
  },
  {
    "id": "c1bc4e6e-69e3-4e3d-b1f5-053d2d724868",
    "data": [
      {
        "text": "Do you have any fiction books?",
        "userDefined": false
      }
    ],
    "isTemplate": false,
    "count": 0,
    "lang": "en",
    "updated": 0
  },
  {
    "id": "687d7c1c-c8fe-49af-a593-ce1677dbe9f8",
    "data": [
      {
        "text": "Show me your fiction section",
        "userDefined": false
      }
    ],
    "isTemplate": false,
    "count": 0,
    "lang": "en",
    "updated": 0
  },
  {
    "id": "a6c73165-be9c-4b59-a49d-ebefa49096f4",
    "data": [
      {
        "text": "I want to browse fiction books",
        "userDefined": false
      }
    ],
    "isTemplate": false,
    "count": 0,
    "lang": "en",
    "updated": 0
  },
  {
    "id": "96459158-e8a1-4877-9979-91744acb0531",
    "data": [
      {
        "text": "Fiction",
        "userDefined": false
      }
    ],
    "isTemplate": false,
    "count": 0,
    "lang": "en",
    "updated": 0
  }
]