[
  {
    "id": "1e7af3e8-0ac5-46e7-9a57-0d931162c325",
    "data": [
      {
        "text": "looking for ",
        "userDefined": false
      },
      {
        "text": "it ends with us",
        "meta": "@book_title",
        "alias": "book_title",
        "userDefined": true
      }
    ],
    "isTemplate": false,
    "count": 0,
    "lang": "en",
    "updated": 0
  },
  {
    "id": "001ccc67-8a39-4779-8422-cd7a9b4aedb3",
    "data": [
      {
        "text": "do you sell ",
        "userDefined": false
      },
      {
        "text": "project hail mary",
        "meta": "@book_title",
        "alias": "book_title",
        "userDefined": true
      }
    ],
    "isTemplate": false,
    "count": 0,
    "lang": "en",
    "updated": 0
  },
  {
    "id": "67aba98e-e112-453f-b1d8-97b0b5462f12",
    "data": [
      {
        "text": "is ",
        "userDefined": false
      },
      {
        "text": "atomic habits",
        "meta": "@book_title",
        "alias": "book_title",
        "userDefined": true
      },
      {
        "text": " available?",
        "userDefined": false
      }
    ],
    "isTemplate": false,
    "count": 0,
    "lang": "en",
    "updated": 0
  },
  {
    "id": "546f76ac-43e9-4147-83b7-7a9527f57065",
    "data": [
      {
        "text": "Can I buy ",
        "userDefined": false
      },
      {
        "text": "Rich Dad Poor Dad",
        "meta": "@book_title",
        "alias": "book_title",
        "userDefined": true
      },
      {
        "text": "?",
        "userDefined": false
      }
    ],
    "isTemplate": false,
    "count": 0,
    "lang": "en",
    "updated": 0
  },
  {
    "id": "7ce85172-b1f0-43d1-8989-b9b036981c30",
    "data": [
      {
        "text": "Do you have ",
        "userDefined": false
      },
      {
        "text": "The Alchemist",
        "meta": "@book_title",
        "alias": "book_title",
        "userDefined": true
      },
      {
        "text": "?",
        "userDefined": false
      }
    ],
    "isTemplate": false,
    "count": 0,
    "lang": "en",
    "updated": 0
  },
  {
    "id": "360d1189-c3e5-4058-a7eb-1a57218e45c1",
    "data": [
      {
        "text": "Is ",
        "userDefined": false
      },
      {
        "text": "Harry Potter",
        "meta": "@book_title",
        "alias": "book_title",
        "userDefined": true
      },
      {
        "text": " in stock?",
        "userDefined": false
      }
    ],
    "isTemplate": false,
    "count": 0,
    "lang": "en",
    "updated": 0
  }
]