[
  {
    "id": "e0820504-4a38-41be-97d4-933305feaf77",
    "data": [
      {
        "text": "I want to email support",
        "userDefined": false
      }
    ],
    "isTemplate": false,
    "count": 0,
    "lang": "en",
    "updated": 0
  },
  {
    "id": "aea4b69b-0258-4712-862d-8ee09169aac4",
    "data": [
      {
        "text": "Customer service email",
        "userDefined": false
      }
    ],
    "isTemplate": false,
    "count": 0,
    "lang": "en",
    "updated": 0
  },
  {
    "id": "0cc3306a-75c4-4234-8db4-0e5816bb60ae",
    "data": [
      {
        "text": "What\u0027s your email address",
        "userDefined": false
      }
    ],
    "isTemplate": false,
    "count": 0,
    "lang": "en",
    "updated": 0
  },
  {
    "id": "35e34a59-aa18-4278-b99e-e769d0fd7d1c",
    "data": [
      {
        "text": "Phone support",
        "userDefined": false
      }
    ],
    "isTemplate": false,
    "count": 0,
    "lang": "en",
    "updated": 0
  },
  {
    "id": "81848a0b-b0ab-4124-af8d-a741bf71ab0b",
    "data": [
      {
        "text": "Can I call you",
        "userDefined": false
      }
    ],
    "isTemplate": false,
    "count": 0,
    "lang": "en",
    "updated": 0
  },
  {
    "id": "14c1c8d7-9d21-4aa2-8dd4-72718e4a0f7a",
    "data": [
      {
        "text": "Store telephone number",
        "userDefined": false
      }
    ],
    "isTemplate": false,
    "count": 0,
    "lang": "en",
    "updated": 0
  },
  {
    "id": "742695f5-c705-4426-9090-9d54d5f5a4cd",
    "data": [
      {
        "text": "Call the store",
        "userDefined": false
      }
    ],
    "isTemplate": false,
    "count": 0,
    "lang": "en",
    "updated": 0
  },
  {
    "id": "8836af17-ce77-4d8b-828a-d62b6c413985",
    "data": [
      {
        "text": "What is your phone number",
        "userDefined": false
      }
    ],
    "isTemplate": false,
    "count": 0,
    "lang": "en",
    "updated": 0
  },
  {
    "id": "993d6182-bfaf-475e-b832-11cb585b4bf5",
    "data": [
      {
        "text": "Reach customer service",
        "userDefined": false
      }
    ],
    "isTemplate": false,
    "count": 0,
    "lang": "en",
    "updated": 0
  },
  {
    "id": "922aa3e2-8284-4303-922e-61ff9bcac3d6",
    "data": [
      {
        "text": "Get in touch",
        "userDefined": false
      }
    ],
    "isTemplate": false,
    "count": 0,
    "lang": "en",
    "updated": 0
  },
  {
    "id": "46bc6210-fea5-4fa9-b208-f7b3f15c577b",
    "data": [
      {
        "text": "I want to contact the bookstore",
        "userDefined": false
      }
    ],
    "isTemplate": false,
    "count": 0,
    "lang": "en",
    "updated": 0
  },
  {
    "id": "ae793d60-8ba8-4f04-ad25-073d1b4192f7",
    "data": [
      {
        "text": "How to contact you",
        "userDefined": false
      }
    ],
    "isTemplate": false,
    "count": 0,
    "lang": "en",
    "updated": 0
  },
  {
    "id": "5077d39c-ea9a-4d6c-b50e-ca77ffdb8679",
    "data": [
      {
        "text": "Contact us",
        "userDefined": false
      }
    ],
    "isTemplate": false,
    "count": 0,
    "lang": "en",
    "updated": 0
  }
]