[
  {
    "id": "51db2251-4a14-42a2-af88-ede95b29744f",
    "data": [
      {
        "text": "Any discounts available?",
        "userDefined": false
      }
    ],
    "isTemplate": false,
    "count": 0,
    "lang": "en",
    "updated": 0
  },
  {
    "id": "cca8baa3-b685-45d6-9801-4d0d29b1517b",
    "data": [
      {
        "text": "Are there any offers?",
        "userDefined": false
      }
    ],
    "isTemplate": false,
    "count": 0,
    "lang": "en",
    "updated": 0
  },
  {
    "id": "018c83dc-d4f6-41a2-9038-2b1c1e0d3c50",
    "data": [
      {
        "text": "Any promos right now?",
        "userDefined": false
      }
    ],
    "isTemplate": false,
    "count": 0,
    "lang": "en",
    "updated": 0
  },
  {
    "id": "b2201a38-7122-40dd-a06b-ff44647f521e",
    "data": [
      {
        "text": "Tell me about your book discounts",
        "userDefined": false
      }
    ],
    "isTemplate": false,
    "count": 0,
    "lang": "en",
    "updated": 0
  },
  {
    "id": "48e7e2cb-3425-4d5d-a0e2-e1feb1ea32ef",
    "data": [
      {
        "text": "Do you have any offers on books?",
        "userDefined": false
      }
    ],
    "isTemplate": false,
    "count": 0,
    "lang": "en",
    "updated": 0
  },
  {
    "id": "c0798c9f-8039-41f6-ac7a-9d9730af7456",
    "data": [
      {
        "text": "Any ongoing book promotions?",
        "userDefined": false
      }
    ],
    "isTemplate": false,
    "count": 0,
    "lang": "en",
    "updated": 0
  },
  {
    "id": "2fcb4b76-94e8-4c58-ac9c-a1f0334a1e6d",
    "data": [
      {
        "text": "Do you have any discounts on books?",
        "userDefined": false
      }
    ],
    "isTemplate": false,
    "count": 0,
    "lang": "en",
    "updated": 0
  },
  {
    "id": "1a517c4d-c12f-4737-9825-8f47327606f2",
    "data": [
      {
        "text": "Is there any discount?",
        "userDefined": false
      }
    ],
    "isTemplate": false,
    "count": 0,
    "lang": "en",
    "updated": 0
  },
  {
    "id": "ad4f98af-46f4-4601-aad8-02b661a05adc",
    "data": [
      {
        "text": "Are there any discounts right now?",
        "userDefined": false
      }
    ],
    "isTemplate": false,
    "count": 0,
    "lang": "en",
    "updated": 0
  }
]