[
  {
    "id": "8c01bc57-8364-4176-9571-0da881fa4f71",
    "data": [
      {
        "text": "Can I get a wrapped version?",
        "userDefined": false
      }
    ],
    "isTemplate": false,
    "count": 0,
    "lang": "en",
    "updated": 0
  },
  {
    "id": "96276ef3-0d00-484b-b488-2d76cb39fe0c",
    "data": [
      {
        "text": "I\u0027d like it gift-wrapped",
        "userDefined": false
      }
    ],
    "isTemplate": false,
    "count": 0,
    "lang": "en",
    "updated": 0
  },
  {
    "id": "18c30a4c-b04f-4a1f-ae61-272e94de5bfb",
    "data": [
      {
        "text": "Will it be wrapped?",
        "userDefined": false
      }
    ],
    "isTemplate": false,
    "count": 0,
    "lang": "en",
    "updated": 0
  },
  {
    "id": "95ee46e2-509d-452b-8bd6-30dac8e25b0d",
    "data": [
      {
        "text": "Wrap this for me please",
        "userDefined": false
      }
    ],
    "isTemplate": false,
    "count": 0,
    "lang": "en",
    "updated": 0
  },
  {
    "id": "5cf1edcf-bc96-4aae-8ba0-666f3e3afdfd",
    "data": [
      {
        "text": "Do you do gift wraps?",
        "userDefined": false
      }
    ],
    "isTemplate": false,
    "count": 0,
    "lang": "en",
    "updated": 0
  },
  {
    "id": "da2650ef-5215-491b-b7d0-d32ace203e7d",
    "data": [
      {
        "text": "Can you make this a present?",
        "userDefined": false
      }
    ],
    "isTemplate": false,
    "count": 0,
    "lang": "en",
    "updated": 0
  },
  {
    "id": "6ee447c1-f855-4183-809a-3fa57c1a2b6a",
    "data": [
      {
        "text": "I want to gift this to someone",
        "userDefined": false
      }
    ],
    "isTemplate": false,
    "count": 0,
    "lang": "en",
    "updated": 0
  },
  {
    "id": "05cbb591-eaaf-4ab5-8b30-65fc73172e6c",
    "data": [
      {
        "text": "Can you make this look like a present?",
        "userDefined": false
      }
    ],
    "isTemplate": false,
    "count": 0,
    "lang": "en",
    "updated": 0
  },
  {
    "id": "015749b3-6979-4860-a0b0-5419662f5e64",
    "data": [
      {
        "text": "Is gift wrap included with purchase?",
        "userDefined": false
      }
    ],
    "isTemplate": false,
    "count": 0,
    "lang": "en",
    "updated": 0
  },
  {
    "id": "04dde4f9-d416-460d-9ca3-cd7dad4c77f4",
    "data": [
      {
        "text": "Do you wrap books for gifts?",
        "userDefined": false
      }
    ],
    "isTemplate": false,
    "count": 0,
    "lang": "en",
    "updated": 0
  },
  {
    "id": "0ca5e258-233a-46ee-aac7-5bdaafe27905",
    "data": [
      {
        "text": "Can I request gift wrapping?",
        "userDefined": false
      }
    ],
    "isTemplate": false,
    "count": 0,
    "lang": "en",
    "updated": 0
  },
  {
    "id": "e38d29ab-94a6-4cee-8e6a-42f743e388b6",
    "data": [
      {
        "text": "Is gift wrapping free?",
        "userDefined": false
      }
    ],
    "isTemplate": false,
    "count": 0,
    "lang": "en",
    "updated": 0
  },
  {
    "id": "5517ad1a-7140-4444-8550-0e597eb9d896",
    "data": [
      {
        "text": "Do you provide gift wrap service?",
        "userDefined": false
      }
    ],
    "isTemplate": false,
    "count": 0,
    "lang": "en",
    "updated": 0
  },
  {
    "id": "64e0bdf0-4ccd-426f-b717-64b298cd2aec",
    "data": [
      {
        "text": "Can I get this book gift-wrapped?",
        "userDefined": false
      }
    ],
    "isTemplate": false,
    "count": 0,
    "lang": "en",
    "updated": 0
  },
  {
    "id": "e284b749-682c-42ba-b306-941d3f6caef3",
    "data": [
      {
        "text": "Is gift wrapping available?",
        "userDefined": false
      }
    ],
    "isTemplate": false,
    "count": 0,
    "lang": "en",
    "updated": 0
  },
  {
    "id": "72f7f14c-7b5d-49c0-a391-47bebfbc5142",
    "data": [
      {
        "text": "Can you wrap this as a gift?",
        "userDefined": false
      }
    ],
    "isTemplate": false,
    "count": 0,
    "lang": "en",
    "updated": 0
  },
  {
    "id": "3dc5735a-fbd4-4f0d-b90c-49c3ac75fec4",
    "data": [
      {
        "text": "Do you offer gift wrapping?",
        "userDefined": false
      }
    ],
    "isTemplate": false,
    "count": 0,
    "lang": "en",
    "updated": 0
  }
]