[
  {
    "id": "76bdf0ca-6928-4998-9be7-6b7c16f33017",
    "data": [
      {
        "text": "Are you open every day?",
        "userDefined": false
      }
    ],
    "isTemplate": false,
    "count": 0,
    "lang": "en",
    "updated": 0
  },
  {
    "id": "5f95d8ab-0780-4da7-82bc-dbca87126250",
    "data": [
      {
        "text": "Is your store open ",
        "userDefined": false
      },
      {
        "text": "today",
        "meta": "@sys.date-time",
        "alias": "date-time",
        "userDefined": false
      },
      {
        "text": "?",
        "userDefined": false
      }
    ],
    "isTemplate": false,
    "count": 0,
    "lang": "en",
    "updated": 0
  },
  {
    "id": "53bf4dfe-aa4d-4cc9-bed8-b64dcd936d5a",
    "data": [
      {
        "text": "Do you open on weekends?",
        "userDefined": false
      }
    ],
    "isTemplate": false,
    "count": 0,
    "lang": "en",
    "updated": 0
  },
  {
    "id": "0b7a0af0-f1d0-445c-8064-51c80a1b23ef",
    "data": [
      {
        "text": "Can I come in the evening?",
        "userDefined": false
      }
    ],
    "isTemplate": false,
    "count": 0,
    "lang": "en",
    "updated": 0
  },
  {
    "id": "15598632-386d-4dbc-bb94-7bda2b368275",
    "data": [
      {
        "text": "When are you available?",
        "userDefined": false
      }
    ],
    "isTemplate": false,
    "count": 0,
    "lang": "en",
    "updated": 0
  },
  {
    "id": "fa4bd915-8476-4a56-8c79-75625fd562d6",
    "data": [
      {
        "text": "How long are you open ",
        "userDefined": false
      },
      {
        "text": "today",
        "meta": "@sys.date-time",
        "alias": "date-time",
        "userDefined": false
      },
      {
        "text": "?",
        "userDefined": false
      }
    ],
    "isTemplate": false,
    "count": 0,
    "lang": "en",
    "updated": 0
  },
  {
    "id": "a3150b6f-bfef-460d-a58e-edcfbb8d33db",
    "data": [
      {
        "text": "When can I visit the bookstore?",
        "userDefined": false
      }
    ],
    "isTemplate": false,
    "count": 0,
    "lang": "en",
    "updated": 0
  },
  {
    "id": "eda8de8b-ed4a-4b99-8f15-e5fa714c68a1",
    "data": [
      {
        "text": "What time do you guys close?",
        "userDefined": false
      }
    ],
    "isTemplate": false,
    "count": 0,
    "lang": "en",
    "updated": 0
  },
  {
    "id": "301e48ee-582e-4ef7-9474-e641ae72bbb2",
    "data": [
      {
        "text": "Are you open now?",
        "userDefined": false
      }
    ],
    "isTemplate": false,
    "count": 0,
    "lang": "en",
    "updated": 0
  },
  {
    "id": "c4abf047-1479-4127-88e6-0c3c04a927ea",
    "data": [
      {
        "text": "What are your working hours?",
        "userDefined": false
      }
    ],
    "isTemplate": false,
    "count": 0,
    "lang": "en",
    "updated": 0
  },
  {
    "id": "1fe17f2f-2895-4f3c-8c4c-32360350f994",
    "data": [
      {
        "text": "Tell me your business hours",
        "userDefined": false
      }
    ],
    "isTemplate": false,
    "count": 0,
    "lang": "en",
    "updated": 0
  },
  {
    "id": "47d01c49-2113-4462-a135-87fb53fd9ad7",
    "data": [
      {
        "text": "When are you open?",
        "userDefined": false
      }
    ],
    "isTemplate": false,
    "count": 0,
    "lang": "en",
    "updated": 0
  },
  {
    "id": "16b4117f-9449-45dd-bcd1-dbe20766c2f1",
    "data": [
      {
        "text": "What are your store hours?",
        "userDefined": false
      }
    ],
    "isTemplate": false,
    "count": 0,
    "lang": "en",
    "updated": 0
  },
  {
    "id": "c4011a0e-0616-44c0-b56e-2fdad8213c61",
    "data": [
      {
        "text": "What time does City Mall Bookstore open?",
        "userDefined": false
      }
    ],
    "isTemplate": false,
    "count": 0,
    "lang": "en",
    "updated": 0
  },
  {
    "id": "ee66d677-ccff-400e-b7f2-07c7454b220b",
    "data": [
      {
        "text": "What time does the bookstore open?",
        "userDefined": false
      }
    ],
    "isTemplate": false,
    "count": 0,
    "lang": "en",
    "updated": 0
  },
  {
    "id": "b61eb6e5-6c9f-4895-9f76-897bbf060902",
    "data": [
      {
        "text": "When do you close?",
        "userDefined": false
      }
    ],
    "isTemplate": false,
    "count": 0,
    "lang": "en",
    "updated": 0
  },
  {
    "id": "c82f299b-7ff6-4ac5-8cb5-50d3db12c0e1",
    "data": [
      {
        "text": "What are your opening hours?",
        "userDefined": false
      }
    ],
    "isTemplate": false,
    "count": 0,
    "lang": "en",
    "updated": 0
  },
  {
    "id": "e1a8b8e9-af69-4d67-98e0-01dd565718ca",
    "data": [
      {
        "text": "What time do you open?",
        "userDefined": false
      }
    ],
    "isTemplate": false,
    "count": 0,
    "lang": "en",
    "updated": 0
  }
]