[
  {
    "id": "c3195a78-e783-49d4-a7c0-246619ff1c20",
    "data": [
      {
        "text": "Can I place a delivery order?",
        "userDefined": false
      }
    ],
    "isTemplate": false,
    "count": 0,
    "lang": "en",
    "updated": 0
  },
  {
    "id": "21b5c094-d11d-43d6-ad97-75a469fa9b93",
    "data": [
      {
        "text": "Do you do in-store pickup?",
        "userDefined": false
      }
    ],
    "isTemplate": false,
    "count": 0,
    "lang": "en",
    "updated": 0
  },
  {
    "id": "ab7f3772-b430-4d3f-ad00-47dd9cabadb7",
    "data": [
      {
        "text": "Can I get the book shipped to me?",
        "userDefined": false
      }
    ],
    "isTemplate": false,
    "count": 0,
    "lang": "en",
    "updated": 0
  },
  {
    "id": "1760d320-005f-41e0-90f1-3c5845614b25",
    "data": [
      {
        "text": "Can I purchase online and pick it up later?",
        "userDefined": false
      }
    ],
    "isTemplate": false,
    "count": 0,
    "lang": "en",
    "updated": 0
  },
  {
    "id": "e24140c9-b7b7-4372-ad4c-de0b290e99b6",
    "data": [
      {
        "text": "I want to order something from your store",
        "userDefined": false
      }
    ],
    "isTemplate": false,
    "count": 0,
    "lang": "en",
    "updated": 0
  },
  {
    "id": "2e779db1-ec35-4f25-a908-260876837b59",
    "data": [
      {
        "text": "How can I get books delivered?",
        "userDefined": false
      }
    ],
    "isTemplate": false,
    "count": 1,
    "lang": "en",
    "updated": 0
  },
  {
    "id": "0159e0c5-9dee-475d-9987-72f0f55a6d6f",
    "data": [
      {
        "text": "Can I buy from your website?",
        "userDefined": false
      }
    ],
    "isTemplate": false,
    "count": 0,
    "lang": "en",
    "updated": 0
  },
  {
    "id": "d1b39de8-464e-44af-b2eb-52d6214d17e7",
    "data": [
      {
        "text": "Can I order and pick up in-store?",
        "userDefined": false
      }
    ],
    "isTemplate": false,
    "count": 0,
    "lang": "en",
    "updated": 0
  },
  {
    "id": "ca1aff17-3fb3-4136-acb9-3cf758ee56fd",
    "data": [
      {
        "text": "How do I order a book online?",
        "userDefined": false
      }
    ],
    "isTemplate": false,
    "count": 0,
    "lang": "en",
    "updated": 0
  },
  {
    "id": "53b8ff9b-6aef-42d3-bfe7-0b0d2898b8f2",
    "data": [
      {
        "text": "Is there an online order option?",
        "userDefined": false
      }
    ],
    "isTemplate": false,
    "count": 0,
    "lang": "en",
    "updated": 0
  },
  {
    "id": "7c41e6df-3dd2-454f-bb39-b309481b8d72",
    "data": [
      {
        "text": "Do you take online orders?",
        "userDefined": false
      }
    ],
    "isTemplate": false,
    "count": 0,
    "lang": "en",
    "updated": 0
  },
  {
    "id": "38d051d2-81bf-403d-8a2b-d59a56de0c79",
    "data": [
      {
        "text": "Can I shop from your website?",
        "userDefined": false
      }
    ],
    "isTemplate": false,
    "count": 0,
    "lang": "en",
    "updated": 0
  },
  {
    "id": "541060b3-1c56-4761-9889-9477624c21ea",
    "data": [
      {
        "text": "How can I place an order online?",
        "userDefined": false
      }
    ],
    "isTemplate": false,
    "count": 0,
    "lang": "en",
    "updated": 0
  },
  {
    "id": "2ca71f31-1c93-4d14-9a9f-87cd9224d23a",
    "data": [
      {
        "text": "Do you offer online ordering?",
        "userDefined": false
      }
    ],
    "isTemplate": false,
    "count": 0,
    "lang": "en",
    "updated": 0
  },
  {
    "id": "16d70bbb-289e-4575-a0af-9ebf135b9471",
    "data": [
      {
        "text": "Can I order books online?",
        "userDefined": false
      }
    ],
    "isTemplate": false,
    "count": 0,
    "lang": "en",
    "updated": 0
  },
  {
    "id": "a94732f0-f25a-4cdd-aed8-f9eeb385f281",
    "data": [
      {
        "text": "Can I order Online?",
        "userDefined": false
      }
    ],
    "isTemplate": false,
    "count": 0,
    "lang": "en",
    "updated": 0
  }
]