[
  {
    "id": "9274ae97-189e-4f7a-8bdd-08a8a7495d3b",
    "data": [
      {
        "text": "Any nearby parking spots?",
        "userDefined": false
      }
    ],
    "isTemplate": false,
    "count": 0,
    "lang": "en",
    "updated": 0
  },
  {
    "id": "8404c240-b741-4697-b3d5-d6a203b2dc71",
    "data": [
      {
        "text": "Where should I park when I come?",
        "userDefined": false
      }
    ],
    "isTemplate": false,
    "count": 0,
    "lang": "en",
    "updated": 0
  },
  {
    "id": "917f2e64-bf62-4fa1-82e2-3482324fbae4",
    "data": [
      {
        "text": "Is basement parking available?",
        "userDefined": false
      }
    ],
    "isTemplate": false,
    "count": 0,
    "lang": "en",
    "updated": 0
  },
  {
    "id": "7c6c9638-6704-4897-a757-a2269f2e8daf",
    "data": [
      {
        "text": "Is there a place to park?",
        "userDefined": false
      }
    ],
    "isTemplate": false,
    "count": 0,
    "lang": "en",
    "updated": 0
  },
  {
    "id": "ab487da7-4929-45c0-a943-852015b90945",
    "data": [
      {
        "text": "Where\u0027s the parking area?",
        "userDefined": false
      }
    ],
    "isTemplate": false,
    "count": 0,
    "lang": "en",
    "updated": 0
  },
  {
    "id": "ed14e950-f837-478c-8f79-1bee72d7ccd8",
    "data": [
      {
        "text": "Is parking available at City Mall?",
        "userDefined": false
      }
    ],
    "isTemplate": false,
    "count": 0,
    "lang": "en",
    "updated": 0
  },
  {
    "id": "1faacc38-27d6-4ac1-9cff-242d57bc1995",
    "data": [
      {
        "text": "Can I park at your store?",
        "userDefined": false
      }
    ],
    "isTemplate": false,
    "count": 0,
    "lang": "en",
    "updated": 0
  },
  {
    "id": "23af0239-d81f-4a2c-9dbf-d48369d2763b",
    "data": [
      {
        "text": "Is there parking nearby?",
        "userDefined": false
      }
    ],
    "isTemplate": false,
    "count": 0,
    "lang": "en",
    "updated": 0
  },
  {
    "id": "7f1e2440-7b96-4acd-9d1d-d445fa7501cb",
    "data": [
      {
        "text": "Do you provide parking?",
        "userDefined": false
      }
    ],
    "isTemplate": false,
    "count": 0,
    "lang": "en",
    "updated": 0
  },
  {
    "id": "014b4fe7-81f7-45ec-bff6-c67a7477f631",
    "data": [
      {
        "text": "Is there a parking lot?",
        "userDefined": false
      }
    ],
    "isTemplate": false,
    "count": 0,
    "lang": "en",
    "updated": 0
  },
  {
    "id": "e82946a7-fd03-4ba7-9603-6f156cf2aaa9",
    "data": [
      {
        "text": "Where can I park?",
        "userDefined": false
      }
    ],
    "isTemplate": false,
    "count": 0,
    "lang": "en",
    "updated": 0
  },
  {
    "id": "dee527ce-458b-4bee-b980-60b6c1068bb4",
    "data": [
      {
        "text": "Can I park at the mall?",
        "userDefined": false
      }
    ],
    "isTemplate": false,
    "count": 0,
    "lang": "en",
    "updated": 0
  },
  {
    "id": "fabb6fae-223f-4975-8ef1-091ce11ed1e6",
    "data": [
      {
        "text": "Is parking available there?",
        "userDefined": false
      }
    ],
    "isTemplate": false,
    "count": 0,
    "lang": "en",
    "updated": 0
  },
  {
    "id": "cef5a751-e180-4933-b348-cdc847f15ac7",
    "data": [
      {
        "text": "Do you have parking?",
        "userDefined": false
      }
    ],
    "isTemplate": false,
    "count": 0,
    "lang": "en",
    "updated": 0
  }
]