[
  {
    "id": "45466546-7f6a-4380-bc2f-956030366de3",
    "data": [
      {
        "text": "What services are available in-store?",
        "userDefined": false
      }
    ],
    "isTemplate": false,
    "count": 0,
    "lang": "en",
    "updated": 0
  },
  {
    "id": "17e2f423-e948-44af-b1b6-4aefe7f89aa8",
    "data": [
      {
        "text": "How do I make a purchase?",
        "userDefined": false
      }
    ],
    "isTemplate": false,
    "count": 0,
    "lang": "en",
    "updated": 0
  },
  {
    "id": "0c03c1e6-cb2e-4cef-99ae-f87bbfe25411",
    "data": [
      {
        "text": "Tell me about your services",
        "userDefined": false
      }
    ],
    "isTemplate": false,
    "count": 0,
    "lang": "en",
    "updated": 0
  },
  {
    "id": "3424ab31-e1ca-4170-9ffc-c2b05841a8f9",
    "data": [
      {
        "text": "What services do you provide?",
        "userDefined": false
      }
    ],
    "isTemplate": false,
    "count": 0,
    "lang": "en",
    "updated": 0
  },
  {
    "id": "ff091414-c585-42a6-8fc4-81cf35cbafbb",
    "data": [
      {
        "text": "Purchase \u0026 Service",
        "userDefined": false
      }
    ],
    "isTemplate": false,
    "count": 0,
    "lang": "en",
    "updated": 0
  }
]