[
  {
    "id": "aaf1674a-0256-4046-b5e1-14f4927bf68b",
    "data": [
      {
        "text": "Show me your location",
        "userDefined": false
      }
    ],
    "isTemplate": false,
    "count": 0,
    "lang": "en",
    "updated": 0
  },
  {
    "id": "7206cb46-cd30-46b8-942e-a0d0558e4187",
    "data": [
      {
        "text": "Which level is your bookstore on?",
        "userDefined": false
      }
    ],
    "isTemplate": false,
    "count": 0,
    "lang": "en",
    "updated": 0
  },
  {
    "id": "d40b6373-f88b-4efc-86b7-a1741f8d21f3",
    "data": [
      {
        "text": "Where is your shop?",
        "userDefined": false
      }
    ],
    "isTemplate": false,
    "count": 0,
    "lang": "en",
    "updated": 0
  },
  {
    "id": "96bb14c9-4b04-4dce-a77b-80c360ba94c6",
    "data": [
      {
        "text": "How do I find your place?",
        "userDefined": false
      }
    ],
    "isTemplate": false,
    "count": 0,
    "lang": "en",
    "updated": 0
  },
  {
    "id": "f7aa4a4a-1a2a-424d-abd6-36fe3821db75",
    "data": [
      {
        "text": "How do I reach your store?",
        "userDefined": false
      }
    ],
    "isTemplate": false,
    "count": 0,
    "lang": "en",
    "updated": 0
  },
  {
    "id": "56817e48-b662-4d58-a83d-a838f105dfb3",
    "data": [
      {
        "text": "Where\u0027s your shop in the mall?",
        "userDefined": false
      }
    ],
    "isTemplate": false,
    "count": 0,
    "lang": "en",
    "updated": 0
  },
  {
    "id": "8b8f1dff-71f2-4f1d-af6e-03ff6a8ed787",
    "data": [
      {
        "text": "Where is City Mall Bookstore?",
        "userDefined": false
      }
    ],
    "isTemplate": false,
    "count": 0,
    "lang": "en",
    "updated": 0
  },
  {
    "id": "fac9642d-e738-40ba-ba68-593230afff27",
    "data": [
      {
        "text": "Where can I find your bookstore?",
        "userDefined": false
      }
    ],
    "isTemplate": false,
    "count": 0,
    "lang": "en",
    "updated": 0
  },
  {
    "id": "9a55229d-bb95-46b3-8c87-c7838f510d9c",
    "data": [
      {
        "text": "Can you tell me your address?",
        "userDefined": false
      }
    ],
    "isTemplate": false,
    "count": 0,
    "lang": "en",
    "updated": 0
  },
  {
    "id": "4a6f4c01-c5d4-4059-8aa0-298b8d94ed95",
    "data": [
      {
        "text": "What\u0027s your store location?",
        "userDefined": false
      }
    ],
    "isTemplate": false,
    "count": 0,
    "lang": "en",
    "updated": 0
  },
  {
    "id": "a30368fa-c1ae-411f-a28d-ad729e0a26a4",
    "data": [
      {
        "text": "Where are you located?",
        "userDefined": false
      }
    ],
    "isTemplate": false,
    "count": 0,
    "lang": "en",
    "updated": 0
  },
  {
    "id": "dbb79021-4372-426b-8dcd-a1b17533c9e4",
    "data": [
      {
        "text": "How do I get to your store?",
        "userDefined": false
      }
    ],
    "isTemplate": false,
    "count": 0,
    "lang": "en",
    "updated": 0
  },
  {
    "id": "75afc583-ee68-4a98-bc27-d9f28bae9edb",
    "data": [
      {
        "text": "Where is your bookstore?",
        "userDefined": false
      }
    ],
    "isTemplate": false,
    "count": 0,
    "lang": "en",
    "updated": 0
  }
]